{
  "index.tsx": 1776022853.0063384,
  "App.tsx": 1776022852.9946105,
  "tailwind.config.ts": 1776022853.0952752,
  "eslint.config.js": 1776022853.0045323,
  "vite.config.ts": 1776022853.1096587,
  "postcss.config.js": 1776022853.0139413,
  "src/App.tsx": 1777020390.460012,
  "src/main.tsx": 1776022853.0809789,
  "src/vite-env.d.ts": 1776022853.0938714,
  "src/components/Hero.tsx": 1776022853.0457902,
  "src/components/Navbar.tsx": 1776022853.0467386,
  "src/components/Pricing.tsx": 1776022853.0540519,
  "src/components/AboutUs.tsx": 1776022853.0393708,
  "src/components/ErrorReporter.tsx": 1776022853.0412328,
  "src/components/Footer.tsx": 1776022853.044981,
  "src/components/Testimonials.tsx": 1776022853.0563464,
  "src/components/CTA.tsx": 1776022853.0403116,
  "src/components/Portfolio.tsx": 1777020377.038668,
  "src/components/PainPoints.tsx": 1776022853.0486603,
  "src/components/NeroEngine.tsx": 1776022853.0475745,
  "src/components/Process.tsx": 1776022853.0551598,
  "src/components/FAQ.tsx": 1776022853.0430055,
  "src/components/WhatsAppFloat.tsx": 1776022853.0577629,
  "src/components/ui/BentoButton.tsx": 1776022853.05878,
  "src/components/ui/border-trail.tsx": 1776022853.0632684,
  "src/components/ui/SkeletonLoader.tsx": 1776022853.060535,
  "src/components/ui/sheet.tsx": 1776022853.0726914,
  "src/components/ui/animations.tsx": 1776022853.0620255,
  "src/components/ui/separator.tsx": 1776022853.071595,
  "src/components/ui/button.tsx": 1776022853.064426,
  "src/components/ui/stagger-testimonials.tsx": 1776022853.0736816,
  "src/components/ui/input.tsx": 1776022853.065708,
  "src/lib/utils.ts": 1776022853.0797312,
  "src/lib/hooks/use-mobile.tsx": 1776022853.0774148,
  "src/lib/hooks/useAnimations.ts": 1776022853.078357,
  "src/pages/HamadCaseStudy.tsx": 1777020295.1896684,
  "src/pages/AboutPage.tsx": 1776022853.081807,
  "src/pages/MozartCaseStudy.tsx": 1777020351.6786664,
  "src/pages/NotFound.tsx": 1776022853.087375,
  "src/pages/HomePage.tsx": 1776022853.0854352,
  "src/visual-edits/VisualEditsMessenger.tsx": 1776022853.0880952,
  "src/visual-edits/component-tagger-loader.js": 1776022853.0887995,
  "src/visual-edits/component-tagger-plugin.js": 1776022853.0908124,
  "index.html": 1776022853.0054772,
  "Business Intelligence Guide.md": 1776022852.995484,
  "README.md": 1776022852.9984982,
  "DESIGN_SYSTEM.md": 1776022852.996138,
  "IMPLEMENTATION_PLAN.md": 1776022852.997484,
  "CASE STYDIES /hamad-foundation-case-study (1).html": 1777019912.2233381,
  "CASE STYDIES /mozarthaus-case-study (1).html": 1777019901.1456265,
  "public/robots.txt": 1776022853.026958,
  "public/ceo-photo.webp": 1776022853.0149748,
  "public/logo.webp": 1776022853.023597,
  "public/og-image.jpg": 1776022853.0247762,
  "public/vite.svg": 1776022853.031829,
  "public/favicon.svg": 1776022853.016765,
  "src/assets/react.svg": 1776022853.0383742
}